name,category,weight,lat,lon
Karaköy,funicular,0.5,41.0228645,28.9740393
Beyoğlu,funicular,0.5,41.0283447,28.9739892
Zeytinburnu-Fişekhane,other,0.5,40.9858638,28.9054568
Küçükyalı,marmaray,1.0,40.946258,29.1071674
Atalar,marmaray,1.0,40.8987868,29.1691914
Cevizli,marmaray,1.0,40.9100807,29.1559855
Kurfallı,halt,0.5,41.2115691,28.2635115
Sinekli,other,0.5,41.2310387,28.1923087
İdealtepe,marmaray,1.0,40.9378351,29.1142301
Süreyya Plajı,marmaray,1.0,40.9267803,29.1242545
Maltepe,marmaray,1.0,40.920811,29.1332851
Pendik,marmaray,1.0,40.8802417,29.231651
Gayrettepe,metro,1.0,41.0690337,29.0111192
Kartal,marmaray,1.0,40.8886924,29.1910793
Florya,other,0.5,40.972897,28.7876122
Yenimahale,other,0.5,40.9817256,28.8810529
Yeşilyurt,other,0.5,40.9654468,28.8373253
Emniyet - Fatih,metro,1.0,41.0174183,28.9396007
Yeşilköy,other,0.5,40.9626544,28.824857
Kadıköy,metro,1.0,40.9905872,29.0220448
Ayrılık Çeşmesi,metro,1.0,41.0001678,29.0302593
Yenisahra,metro,1.0,40.9845938,29.0904257
Göztepe,metro,1.0,40.9940938,29.0706141
Acıbadem,metro,1.0,41.0023323,29.0444009
Bostancı,metro,1.0,40.964688,29.1053769
Yunus,marmaray,1.0,40.8845607,29.2104051
Erenköy,marmaray,1.0,40.9716791,29.0763662
Maltepe,metro,1.0,40.9358681,29.139504
Kartal,metro,1.0,40.9065852,29.2113435
Küçükyalı,metro,1.0,40.9489271,29.1219958
Seyrantepe,metro,1.0,41.1011898,28.9957261
Sanayi,metro,1.0,41.0942135,29.0051754
Atatürk Oto Sanayi,metro,1.0,41.1180498,29.0241763
Halkalı,marmaray,1.0,41.0183702,28.7665286
Kaynarca,marmaray,1.0,40.8713681,29.2559613
Fıstıkağacı,metro,1.0,41.0281537,29.0283579
Yenikapı,marmaray,1.0,41.0051614,28.9515608
Çayırdere,other,0.5,41.2599697,28.1217427
Kabakça,other,0.5,41.215506,28.3647008
Gökçeali,halt,0.5,41.1755384,28.4537862
Çatalca,other,0.5,41.1505914,28.480199
Olimpiyat,metro,1.0,41.0795735,28.7672398
Ziya Gökalp,metro,1.0,41.0745493,28.7864545
İSTOÇ,metro,1.0,41.0649898,28.8260353
Mahmutbey,metro,1.0,41.0551119,28.8306332
Başak Konutları,metro,1.0,41.0978061,28.7913461
Metrokent,metro,1.0,41.1081483,28.8014943
İkitelli Sanayi,metro,1.0,41.0711324,28.803895
Kazlıçeşme,other,0.5,40.9926732,28.9168903
Levent,metro,1.0,41.0758404,29.0144803
Vezneciler-İstanbul Üniversitesi,metro,1.0,41.0122525,28.9597006
Nispetiye,metro,1.0,41.0773859,29.0240046
Etiler,metro,1.0,41.0824567,29.0375989
Ünalan,metro,1.0,40.9980939,29.0600259
Gayrettepe,metro,1.0,41.0668589,29.0106451
Yeni Mahalle,metro,1.0,41.0404044,28.8359881
Turgut Özal,metro,1.0,41.0812047,28.7975395
Siteler,metro,1.0,41.0882324,28.7965629
Pendik,metro,1.0,40.8886547,29.238581
Tavşantepe,metro,1.0,40.882159,29.2488342
Yakacık—Adnan Kahveci,metro,1.0,40.8966262,29.2271263
Tersane,marmaray,1.0,40.8611643,29.2732939
Güzelyalı,marmaray,1.0,40.8568284,29.2836051
Aydıntepe,marmaray,1.0,40.8522949,29.2931959
İçmeler,marmaray,1.0,40.8456867,29.3000382
Tuzla,marmaray,1.0,40.8299498,29.3224266
Levent,metro,1.0,41.0768932,29.0137913
Bostancı,marmaray,1.0,40.9539323,29.094902
Yamanevler,metro,1.0,41.0242009,29.1087471
Kısıklı,metro,1.0,41.0221852,29.0620794
Altunizade,metro,1.0,41.021911,29.0483118
Bağlarbaşı,metro,1.0,41.0214561,29.0368747
Suadiye,marmaray,1.0,40.9605061,29.0844231
Üsküdar,marmaray,1.0,41.0256394,29.0131466
Bakırköy,marmaray,1.0,40.9803562,28.8724259
Çekmeköy,metro,1.0,41.0145289,29.1895134
Necip Fazıl,metro,1.0,41.0160135,29.1794304
Dudullu,metro,1.0,41.0153698,29.1631878
İmam Hatip Lisesi,metro,1.0,41.0160466,29.1517449
Altınşehir,metro,1.0,41.0166656,29.1400344
Ihlamurkuyu,metro,1.0,41.0197808,29.1306269
Çakmak,metro,1.0,41.0215971,29.1186259
Vadi İstanbul,tram,0.7,41.1075562,28.9884311
Fevzi Çakmak - Hastane,metro,1.0,40.8888001,29.2624462
Yayalar-Şeyhli,metro,1.0,40.9040157,29.2757138
Sabiha Gökçen Havalimanı,metro,1.0,40.9065703,29.3114591
Söğütlüçeşme,marmaray,1.0,40.9910152,29.0376456
Ataköy,marmaray,1.0,40.9802282,28.8562265
Florya Akvaryum,other,0.5,40.9678261,28.7969885
Mustafa Kemal,other,0.5,41.0061764,28.7738899
Küçükçekmece,other,0.5,40.9885202,28.7729647
Feneryolu,marmaray,1.0,40.9788502,29.0487327
Başak,marmaray,1.0,40.890264,29.1774971
Kurtköy,metro,1.0,40.9098874,29.2967277
Sirkeci,other,0.5,41.0136066,28.9771437
Seyrantepe,tram,0.7,41.1030755,28.9947104
Yıldız,metro,1.0,41.054072,29.009666
Nurtepe,metro,1.0,41.0798589,28.9634762
Alibeyköy,metro,1.0,41.0791413,28.949577
Kağıthane,metro,1.0,41.0796544,28.9731198
Fulya,metro,1.0,41.0623115,29.0069778
Giyimkent-Tekstilkent,metro,1.0,41.0712858,28.8667756
Karadeniz Mahallesi,metro,1.0,41.081247,28.8750965
Çırçır,metro,1.0,41.0801289,28.9363025
Veysel Karani-Akşemsettin,metro,1.0,41.0795812,28.9281287
Yeşilpınar,metro,1.0,41.0822903,28.9182892
Kâzım Karabekir,metro,1.0,41.0853315,28.9085323
Yenimahalle,metro,1.0,41.0838895,28.8927638
Çağlayan,metro,1.0,41.0707068,28.9805133
Parseller,metro,1.0,41.0312427,29.1527388
Huzur,metro,1.0,41.022602,29.1595862
Göztepe,marmaray,1.0,40.979211,29.0626291
Kirazlı,metro,1.0,41.0318236,28.8422874
Davutpaşa - YTÜ,metro,1.0,41.0202193,28.900375
Bakırköy-İncirli,metro,1.0,40.9966207,28.8753616
Onurkent,metro,1.0,41.1134023,28.7905007
Toplu Konutlar,metro,1.0,41.1076913,28.7678634
Kayaşehir Merkez,metro,1.0,41.1190792,28.7663353
Samandıra Merkez,metro,1.0,40.9836831,29.2314094
Sancaktepe,metro,1.0,40.9920567,29.2290134
Meclis,metro,1.0,41.0096577,29.198884
MODOKO-KEYAP,metro,1.0,41.0074042,29.1620118
İMES,metro,1.0,41.000233,29.155986
Mevlana,metro,1.0,40.9921566,29.1533813
Kayışdağı,metro,1.0,40.9846866,29.1377413
İçerenköy,metro,1.0,40.9789595,29.1262074
Küçükbakkalköy,metro,1.0,40.978931,29.1118694
Ayşekadın,metro,1.0,40.9668107,29.0867801
Emin Ali Paşa,metro,1.0,40.9606909,29.093549
Kemerburgaz,metro,1.0,41.159163,28.9102378
İstanbul Havalimanı,metro,1.0,41.2559331,28.7425561
Kozyatağı,metro,1.0,40.97539,29.0996756
Ümraniye,metro,1.0,41.024613,29.0847972
Çarşı,metro,1.0,41.0259405,29.097392
Yenikapı,metro,1.0,41.0056529,28.9514872
Kirazlı,metro,1.0,41.03199,28.8429812
Üsküdar,metro,1.0,41.0253395,29.0127634
Hastane Adliye,metro,1.0,40.9163935,29.1783001
Haliç,metro,1.0,41.02269,28.9666792
Şişhane,metro,1.0,41.0282743,28.9727191
Taksim,metro,1.0,41.0380506,28.985549
Osmanbey,metro,1.0,41.0527755,28.9874046
Şişli,metro,1.0,41.0645059,28.9927696
Bağcılar Meydan,metro,1.0,41.0346825,28.8566398
Üçyüzlü,metro,1.0,41.0367017,28.8706993
Menderes,metro,1.0,41.0427411,28.8784952
Esenler,metro,1.0,41.0375744,28.8885873
Otogar,metro,1.0,41.0402205,28.8946029
Kocatepe,metro,1.0,41.0484359,28.8954925
Sağmalcılar,metro,1.0,41.0408573,28.9072178
Bayrampaşa-Maltepe,metro,1.0,41.0341072,28.9202627
Topkapı Ulubatlı,metro,1.0,41.0239057,28.9305575
Aksaray,metro,1.0,41.0119976,28.9481445
Yenikapı,metro,1.0,41.0057787,28.9505178
Terazidere,metro,1.0,41.0304621,28.8978698
Zeytinburnu,metro,1.0,41.0017169,28.8899747
Merter,metro,1.0,41.007618,28.8961837
Bahçelievler,metro,1.0,40.9954814,28.8633136
Ataköy-Şirinevler,metro,1.0,40.9913785,28.8457709
Yenibosna,metro,1.0,40.9893998,28.8368204
DTM-İstanbul Fuar Merkezi,metro,1.0,40.986602,28.8284735
Atatürk Havalimanı,metro,1.0,40.9797455,28.8211267
Boğaziçi Üniversitesi/Hisarüstü,metro,1.0,41.0851345,29.0456413
4. Levent,metro,1.0,41.086111,29.0071653
İTÜ-Ayazağa,metro,1.0,41.1080715,29.0209695
Darüşşafaka,metro,1.0,41.1292759,29.0250803
Hacıosman,metro,1.0,41.1397645,29.0304548
Oruç Reis - Yüzyıl,metro,1.0,41.0627949,28.8554546
Göztepe,metro,1.0,41.056831,28.8479795
Huzurevi,metro,1.0,40.9299537,29.1468056
Gülsuyu,metro,1.0,40.9238717,29.1547148
Esenkent,metro,1.0,40.920837,29.1664075
Soğanlık,metro,1.0,40.9132162,29.1924269
Şehir Hastanesi,metro,1.0,41.1032301,28.7772334
Molla Gürani,metro,1.0,41.0259439,28.8479604
Yıldıztepe,metro,1.0,41.0194161,28.8577509
İlkyuva,metro,1.0,41.0116361,28.8655579
Haznedar,metro,1.0,41.0046217,28.8716807
İncirli,metro,1.0,40.9976332,28.8750558
Özgürlük Meydanı,metro,1.0,40.981628,28.8740542
Bakırköy Sahil,metro,1.0,40.9736492,28.8680322
Kozyatağı,metro,1.0,40.9774855,29.0998855
Mecidiyeköy,metro,1.0,41.0651758,28.9955189
Atatürk Mahallesi,metro,1.0,41.0522224,28.7987338
Bahariye,metro,1.0,41.0584718,28.7993012
MASKO,metro,1.0,41.0641121,28.8041363
Halkalı Caddesi,metro,1.0,41.0450113,28.8065121
15 Temmuz,metro,1.0,41.036891,28.814003
Mimar Sinan,metro,1.0,41.0250887,28.8165787
Doğu Sanayi,metro,1.0,41.0149413,28.8179193
29 Ekim Cumhuriyet,metro,1.0,41.0061738,28.8186101
Çobançeşme,metro,1.0,40.9997399,28.8226129
Yenibosna,metro,1.0,40.9894427,28.8379196
Ataköy,metro,1.0,40.9799289,28.8562809
Kağıthane,metro,1.0,41.080086,28.9765616
Hasdal,metro,1.0,41.1212167,28.9468433
Göktürk,metro,1.0,41.1770052,28.8836557
İhsaniye,metro,1.0,41.242904,28.8089418
Kargo Terminali,metro,1.0,41.2554335,28.7126953
Bostancı,metro,1.0,40.9517055,29.0967248
Taksim,funicular,0.5,41.0367764,28.9866305
Konut Birlik,other,0.5,41.03461,28.763349
Altınşehir,other,0.5,41.0474135,28.7477316
Bahçeşehir,other,0.5,41.0843995,28.6788126
Ispartakule,other,0.5,41.0629617,28.6993868
Bulgurlu,metro,1.0,41.0162865,29.0762576
Boğaziçi Üniversitesi/Hisarüstü,funicular,0.5,41.0850943,29.0458748
Aşiyan,funicular,0.5,41.08138,29.0549987
Taşoluk,metro,1.0,41.2070653,28.715889
Arnavutköy Hastane,metro,1.0,41.1790982,28.7476829
Cankurtaran,other,0.5,41.0055376,28.9830122
Sarıgazi,metro,1.0,41.0100295,29.2126756
Yedikule,other,0.5,40.9935264,28.9269188
Kocamustafapaşa,other,0.5,40.9999287,28.9331768
Cerrahpaşa,other,0.5,41.0028107,28.9402407
Yenikapı,other,0.5,41.004765,28.9524013
Kumkapı,other,0.5,41.0033651,28.9629002
Sirkeci,other,0.5,41.0150174,28.977962
Ömerli,other,0.5,41.1172857,28.6414161
Haydarpaşa,other,0.5,40.9968284,29.0199126
