district,neighborhood,lat,lon,strategy,place_type,address,is_periphery
esenyurt,merkez,41.0350405,28.6760001,tight,administrative,"Merkez Mahallesi, Esenyurt, İstanbul, Marmara Bölgesi, Türkiye",0
basaksehir,ikitelli,41.0711324,28.803895,medium,station,"İkitelli Sanayi, Bedrettimn Dalan Bulvarı, İkitelli OSB Mahallesi, Başakşehir, İstanbul, Marmara Bölgesi, 34490, Türkiye",0
bayrampasa,yildirim,41.0637573,28.8914625,tight,administrative,"Yıldırım Mahallesi, Bayrampaşa, İstanbul, Marmara Bölgesi, Türkiye",0
avcilar,merkez,40.9818362,28.7223189,tight,administrative,"Merkez Mahallesi, Avcılar, İstanbul, Marmara Bölgesi, Türkiye",0
esenler,sanayi,41.0376175,28.8824519,fallback,administrative,"Esenler, İstanbul, Marmara Bölgesi, Türkiye",0
umraniye,cakmak,41.0142622,29.1284385,tight,administrative,"Çakmak Mahallesi, Ümraniye, İstanbul, Marmara Bölgesi, Türkiye",0
buyukcekmece,celaliye,41.021654,28.579757,fallback,administrative,"Büyükçekmece, İstanbul, Marmara Bölgesi, Türkiye",0
avcilar,yesilkent,41.031415,28.7023797,tight,administrative,"Yeşilkent Mahallesi, Avcılar, İstanbul, Marmara Bölgesi, Türkiye",0
fatih,kocamustafapasa,40.9999287,28.9331768,tight,station,"Kocamustafapaşa, İç Kalpakçı Sokağı, Samatya, Koca Mustafapaşa Mahallesi, İstanbul, Fatih, İstanbul, Marmara Bölgesi, 34098, Türkiye",0
sultanbeyli,mehmetakif,40.9670242,29.2671314,fallback,administrative,"Sultanbeyli, İstanbul, Marmara Bölgesi, Türkiye",0
avcilar,firuzkoy,41.0085033,28.7100714,tight,administrative,"Firuzköy Mahallesi, Avcılar, İstanbul, Marmara Bölgesi, 34325, Türkiye",0
bagcilar,merkez,41.0323551,28.8633027,tight,administrative,"Merkez Mahallesi, Bağcılar, İstanbul, Marmara Bölgesi, Türkiye",0
beyoglu,kasimpasa,41.0357755,28.9548382,tight,attraction,"Rixos Tersane İstanbul, 23, Kasımpaşa Hasköy Tüneli, Keçeci Piri, Keçeci Piri Mahallesi, Beyoğlu, İstanbul, Marmara Bölgesi, 34440, Türkiye",0
beyoglu,piri pasa,41.0458248,28.9516905,tight,administrative,"Piri Paşa Mahallesi, Beyoğlu, İstanbul, Marmara Bölgesi, Türkiye",0
beyoglu,cihangir,41.0330402,28.9853187,tight,administrative,"Cihangir Mahallesi, Beyoğlu, İstanbul, Marmara Bölgesi, Türkiye",0
beyoglu,sehit muhtar,41.03677,28.9817468,tight,administrative,"Şehit Muhtar Mahallesi, Beyoğlu, İstanbul, Marmara Bölgesi, Türkiye",0
beyoglu,piyalepasa,41.0486733,28.9622519,tight,administrative,"Piyalepaşa Mahallesi, Beyoğlu, İstanbul, Marmara Bölgesi, Türkiye",0
beyoglu,ornektepe,41.0582756,28.9516655,tight,administrative,"Örnektepe Mahallesi, Beyoğlu, İstanbul, Marmara Bölgesi, Türkiye",0
beyoglu,yenisehir,41.0422931,28.9781545,tight,administrative,"Yenişehir Mahallesi, Beyoğlu, İstanbul, Marmara Bölgesi, Türkiye",0
beyoglu,halicioglu,41.048893,28.9498474,tight,administrative,"Halıcıoğlu Mahallesi, Beyoğlu, İstanbul, Marmara Bölgesi, 34445, Türkiye",0
beyoglu,omer avni,41.0348787,28.9921225,tight,administrative,"Ömer Avni Mahallesi, Beyoğlu, İstanbul, Marmara Bölgesi, 34427, Türkiye",0
beyoglu,gumussuyu,41.0367709,28.9872112,tight,administrative,"Gümüşsuyu Mahallesi, Beyoğlu, İstanbul, Marmara Bölgesi, 34437, Türkiye",0
beyoglu,firuzaga,41.0298852,28.9808144,tight,administrative,"Firuzağa Mahallesi, Beyoğlu, İstanbul, Marmara Bölgesi, 34433, Türkiye",0
beyoglu,kucuk piyale,41.0368442,28.9676137,tight,administrative,"Küçük Piyale Mahallesi, Beyoğlu, İstanbul, Marmara Bölgesi, Türkiye",0
beyoglu,kadimehmet efendi,41.0284233,28.9736808,fallback,administrative,"Beyoğlu, İstanbul, Marmara Bölgesi, Türkiye",0
beyoglu,sururi mehmet efendi,41.0368958,28.9724348,tight,administrative,"Sururi Mehmet Efendi Mahallesi, Beyoğlu, İstanbul, Marmara Bölgesi, Türkiye",0
beyoglu,haciahmet,41.0422474,28.9738886,tight,administrative,"Hacıahmet Mahallesi, Beyoğlu, İstanbul, Marmara Bölgesi, Türkiye",0
beyoglu,tomtom,41.030339,28.9774108,tight,administrative,"Tomtom Mahallesi, Beyoğlu, İstanbul, Marmara Bölgesi, Türkiye",0
beyoglu,kuloglu,41.0329925,28.9800743,tight,administrative,"Kuloğlu Mahallesi, Beyoğlu, İstanbul, Marmara Bölgesi, Türkiye",0
beyoglu,katip mustafa celebi,41.0344829,28.9830132,tight,administrative,"Katip Mustafa Çelebi Mahallesi, Beyoğlu, İstanbul, Marmara Bölgesi, Türkiye",0
beyoglu,kocatepe,41.0395972,28.9835719,tight,administrative,"Kocatepe Mahallesi, Beyoğlu, İstanbul, Marmara Bölgesi, Türkiye",0
beyoglu,catma mescit,41.0321707,28.9717998,tight,administrative,"Çatma Mescit Mahallesi, Beyoğlu, İstanbul, Marmara Bölgesi, Türkiye",0
beyoglu,hacimimi,41.0266104,28.9782607,tight,administrative,"Hacımimi Mahallesi, Beyoğlu, İstanbul, Marmara Bölgesi, 34425, Türkiye",0
beyoglu,yahya kahya,41.0339473,28.9715307,tight,administrative,"Yahya Kahya Mahallesi, Beyoğlu, İstanbul, Marmara Bölgesi, Türkiye",0
beyoglu,kulaksiz,41.0376925,28.9607963,tight,administrative,"Kulaksız Mahallesi, Beyoğlu, İstanbul, Marmara Bölgesi, Türkiye",0
beyoglu,sutluce,41.0510201,28.944692,tight,administrative,"Sütlüce Mahallesi, Beyoğlu, İstanbul, Marmara Bölgesi, Türkiye",0
beyoglu,kamer hatun,41.0349199,28.975414,tight,administrative,"Kamer Hatun Mahallesi, Beyoğlu, İstanbul, Marmara Bölgesi, Türkiye",0
beyoglu,purtelas hasan efendi,41.0306987,28.9876883,tight,administrative,"Pürtelaş Hasan Efendi Mahallesi, Beyoğlu, İstanbul, Marmara Bölgesi, Türkiye",0
beyoglu,camiikebir,41.0348968,28.9572267,tight,administrative,"Camiikebir Mahallesi, Beyoğlu, İstanbul, Marmara Bölgesi, Türkiye",0
beyoglu,kaptanpasa,41.0422767,28.963838,tight,administrative,"Kaptanpaşa Mahallesi, Beyoğlu, İstanbul, Marmara Bölgesi, 34440, Türkiye",0
beyoglu,huseyinaga,41.0349523,28.9787507,tight,administrative,"Hüseyinağa Mahallesi, Beyoğlu, İstanbul, Marmara Bölgesi, Türkiye",0
beyoglu,kalyoncu kullugu,41.036877,28.9755245,tight,administrative,"Kalyoncu Kulluğu Mahallesi, Beyoğlu, İstanbul, Marmara Bölgesi, Türkiye",0
beyoglu,bereketzade,41.0253357,28.9733181,tight,administrative,"Bereketzade Mahallesi, Beyoğlu, İstanbul, Marmara Bölgesi, 34421, Türkiye",0
beyoglu,kececi piri,41.0405319,28.9555999,tight,administrative,"Keçeci Piri Mahallesi, Beyoğlu, İstanbul, Marmara Bölgesi, Türkiye",0
beyoglu,evliya celebi,41.0303999,28.9731508,tight,administrative,"Evliya Çelebi Mahallesi, Beyoğlu, İstanbul, Marmara Bölgesi, 34430, Türkiye",0
beyoglu,bulbul,41.0392699,28.9797231,tight,administrative,"Bülbül Mahallesi, Beyoğlu, İstanbul, Marmara Bölgesi, Türkiye",0
beyoglu,cukur,41.0373903,28.9780493,tight,administrative,"Çukur Mahallesi, Beyoğlu, İstanbul, Marmara Bölgesi, 34435, Türkiye",0
beyoglu,sahkulu,41.0277868,28.9741706,tight,administrative,"Şahkulu Mahallesi, Beyoğlu, İstanbul, Marmara Bölgesi, Türkiye",0
beyoglu,bedrettin,41.028889,28.9695543,tight,administrative,"Bedrettin Mahallesi, Beyoğlu, İstanbul, Marmara Bölgesi, Türkiye",0
beyoglu,asmali mescit,41.0313293,28.9752445,tight,administrative,"Asmalı Mescit Mahallesi, Beyoğlu, İstanbul, Marmara Bölgesi, Türkiye",0
beyoglu,kemankes karamustafa pasa,41.0240811,28.9789862,tight,administrative,"Kemankeş Karamustafa Paşa Mahallesi, Beyoğlu, İstanbul, Marmara Bölgesi, Türkiye",0
beyoglu,kilicali pasa,41.0284202,28.9848586,tight,administrative,"Kılıçali Paşa Mahallesi, Beyoğlu, İstanbul, Marmara Bölgesi, Türkiye",0
beyoglu,emekyemez,41.0260424,28.9702513,tight,administrative,"Emekyemez Mahallesi, Beyoğlu, İstanbul, Marmara Bölgesi, 34421, Türkiye",0
beyoglu,istiklal,41.0416191,28.9692374,tight,administrative,"İstiklal Mahallesi, Beyoğlu, İstanbul, Marmara Bölgesi, Türkiye",0
beyoglu,mueyyetzade,41.0254855,28.9758779,tight,university,"Sabah Apartmanı, Müeyyetzade, 60,62, Lüleci Hendek Caddesi, Müeyyedzade, Müeyyedzade Mahallesi, Beyoğlu, İstanbul, Marmara Bölgesi, 34425, Türkiye",0
buyukcekmece,kamiloba,41.021654,28.579757,fallback,administrative,"Büyükçekmece, İstanbul, Marmara Bölgesi, Türkiye",0
buyukcekmece,yenimahalle,41.021654,28.579757,fallback,administrative,"Büyükçekmece, İstanbul, Marmara Bölgesi, Türkiye",0
buyukcekmece,hurriyet,41.021654,28.579757,fallback,administrative,"Büyükçekmece, İstanbul, Marmara Bölgesi, Türkiye",0
buyukcekmece,mimar sinan merkez,41.018155,28.5629541,tight,bus_stop,"Mimar Sinan, D-100, Tepecik, Mimarsinan Mahallesi, Büyükçekmece, İstanbul, Marmara Bölgesi, 34535, Türkiye",0
buyukcekmece,turkoba,41.021654,28.579757,fallback,administrative,"Büyükçekmece, İstanbul, Marmara Bölgesi, Türkiye",0
buyukcekmece,kumburgaz,41.021654,28.579757,fallback,administrative,"Büyükçekmece, İstanbul, Marmara Bölgesi, Türkiye",0
buyukcekmece,ulus,41.021654,28.579757,fallback,administrative,"Büyükçekmece, İstanbul, Marmara Bölgesi, Türkiye",0
buyukcekmece,pinartepe,41.003226,28.6018529,tight,administrative,"Pınartepe Mahallesi, Büyükçekmece, İstanbul, Marmara Bölgesi, Türkiye",0
buyukcekmece,bahcelievler,41.021654,28.579757,fallback,administrative,"Büyükçekmece, İstanbul, Marmara Bölgesi, Türkiye",0
buyukcekmece,ataturk,41.0122636,28.6004016,tight,administrative,"Atatürk Mahallesi, Büyükçekmece, İstanbul, Marmara Bölgesi, Türkiye",0
buyukcekmece,dizdariye,41.0206023,28.5784482,tight,administrative,"Dizdariye Mahallesi, Büyükçekmece, İstanbul, Marmara Bölgesi, Türkiye",0
buyukcekmece,guzelce,41.021654,28.579757,fallback,administrative,"Büyükçekmece, İstanbul, Marmara Bölgesi, Türkiye",0
buyukcekmece,cakmakli,41.0533184,28.6231063,tight,administrative,"Çakmaklı Mahallesi, Büyükçekmece, İstanbul, Marmara Bölgesi, Türkiye",0
buyukcekmece,murat cesme,41.021654,28.579757,fallback,administrative,"Büyükçekmece, İstanbul, Marmara Bölgesi, Türkiye",0
buyukcekmece,cumhuriyet,41.0182947,28.6199899,tight,administrative,"Cumhuriyet Mahallesi, Büyükçekmece, İstanbul, Marmara Bölgesi, Türkiye",0
buyukcekmece,fatih,41.0208293,28.586099,tight,administrative,"Fatih Mahallesi, Büyükçekmece, İstanbul, Marmara Bölgesi, Türkiye",0
buyukcekmece,alkent 2000,41.0771599,28.6194181,tight,administrative,"Alkent 2000 Mahallesi, Büyükçekmece, İstanbul, Marmara Bölgesi, 34500, Türkiye",0
buyukcekmece,19 mayis,41.0224834,28.5818267,tight,administrative,"19 Mayıs Mahallesi, Büyükçekmece, İstanbul, Marmara Bölgesi, Türkiye",0
buyukcekmece,ekinoba,41.021654,28.579757,fallback,administrative,"Büyükçekmece, İstanbul, Marmara Bölgesi, Türkiye",0
buyukcekmece,ahmediye,41.021654,28.579757,fallback,administrative,"Büyükçekmece, İstanbul, Marmara Bölgesi, Türkiye",0
arnavutkoy,tasoluk,41.1960582,28.7167959,tight,administrative,"Taşoluk Mahallesi, Arnavutköy, İstanbul, Marmara Bölgesi, Türkiye",0
kucukcekmece,halkali,41.0184293,28.7667075,medium,stop,"Halkalı, Kantar, İstasyon Mahallesi, Küçükçekmece, İstanbul, Marmara Bölgesi, 34303, Türkiye",0
sariyer,istinye,41.1150511,29.055486,tight,administrative,"İstinye Mahallesi, Sarıyer, İstanbul, Marmara Bölgesi, Türkiye",0
gaziosmanpasa,merkez,41.0573173,28.9117986,tight,administrative,"Merkez Mahallesi, Gaziosmanpaşa, İstanbul, Marmara Bölgesi, Türkiye",0
uskudar,ferah,41.0329956,29.0724337,tight,administrative,"Ferah Mahallesi, Üsküdar, İstanbul, Marmara Bölgesi, 34692, Türkiye",0
silivri,merkez,41.0741,28.2466,manual_district_center,manual,silivri ilce merkezi (manuel),1
beykoz,tokatkoy,41.1512733,29.0902937,tight,administrative,"Tokatköy Mahallesi, Beykoz, İstanbul, Marmara Bölgesi, Türkiye",0
kagithane,gultepe,41.0796544,28.9731198,fallback,station,"Kağıthane, Cendere Caddesi, Çağlayan Mahallesi, Merkez Mahallesi, Kâğıthane, İstanbul, Marmara Bölgesi, 34406, Türkiye",0
kagithane,merkez,41.0796544,28.9731198,fallback,station,"Kağıthane, Cendere Caddesi, Çağlayan Mahallesi, Merkez Mahallesi, Kâğıthane, İstanbul, Marmara Bölgesi, 34406, Türkiye",0
gaziosmanpasa,fevzicakmak,41.0716725,28.9048028,tight,administrative,"Fevzi Çakmak Mahallesi, Gaziosmanpaşa, İstanbul, Marmara Bölgesi, Türkiye",0
uskudar,merkez,41.0268505,29.0182516,medium,subway,"M5 Üsküdar - Samandıra Merkez Metro Hattı, Paşa Limanı Caddesi, Sultantepe Mahallesi, Üsküdar, İstanbul, Marmara Bölgesi, 34674, Türkiye",0
beykoz,merkez,41.1344539,29.0926456,tight,administrative,"Merkez Mahallesi, Beykoz, İstanbul, Marmara Bölgesi, Türkiye",0
sisli,mecidiyekoy,41.0700421,28.9962529,tight,administrative,"Mecidiyeköy Mahallesi, Osmanbey, Şişli, İstanbul, Marmara Bölgesi, Türkiye",0
maltepe,kucukyali,40.946258,29.1071674,medium,station,"Küçükyalı, Cumhuriyet Caddesi, Küçükyalı, Küçükyalı Merkez Mahallesi, Maltepe, İstanbul, Marmara Bölgesi, 34840, Türkiye",0
sancaktepe,yenidogan,41.013189,29.2416963,tight,administrative,"Yenidoğan Mahallesi, Sancaktepe, İstanbul, Marmara Bölgesi, Türkiye",0
fatih,haseki,41.0097719,28.9440091,tight,construction,"İstanbul Haseki 300 Yataklı Eğitim ve Araştırma Hastanesi yapım işi, Haseki Sultan Mahallesi, İstanbul, Fatih, İstanbul, Marmara Bölgesi, Türkiye",0
sariyer,buyukdere,41.1602485,29.0421459,tight,administrative,"Büyükdere Mahallesi, Sarıyer, İstanbul, Marmara Bölgesi, Türkiye",0
maltepe,cevizli,40.9162851,29.1470405,tight,administrative,"Cevizli Mahallesi, Maltepe, İstanbul, Marmara Bölgesi, 34846, Türkiye",0
pendik,esenyali,40.8624956,29.2950466,tight,administrative,"Esenyalı Mahallesi, Pendik, İstanbul, Marmara Bölgesi, Türkiye",0
sisli,okmeydani,41.0689099,28.9799603,tight,courthouse,"İstanbul Adalet Sarayı Savcı Mehmet Selim Kiraz Yerleşkesi, 223, Abide-i Hürriyet Caddesi, Merkez Mahallesi, Osmanbey, Şişli, İstanbul, Marmara Bölgesi, 34384, Türkiye",0
umraniye,merkez,41.0256362,29.0963049,fallback,administrative,"Ümraniye, İstanbul, Marmara Bölgesi, Türkiye",0
umraniye,yukaridudullu,41.0110683,29.1525726,tight,administrative,"Yukarı Dudullu Mahallesi, Ümraniye, İstanbul, Marmara Bölgesi, Türkiye",0
sultanbeyli,necipfazil,40.9670242,29.2671314,fallback,administrative,"Sultanbeyli, İstanbul, Marmara Bölgesi, Türkiye",0
buyukcekmece,mimarsinan,41.0160925,28.5604373,tight,administrative,"Mimarsinan Mahallesi, Büyükçekmece, İstanbul, Marmara Bölgesi, Türkiye",0
sultangazi,zubeydehanim,41.1043344,28.8614367,fallback,administrative,"Sultangazi, İstanbul, Marmara Bölgesi, Türkiye",0
arnavutkoy,merkez,41.185527,28.74134,tight,bus_stop,"Merkez Mahallesi, Gülcü Sokak, İslambey Mahallesi, Arnavutköy, İstanbul, Marmara Bölgesi, 34275, Türkiye",0
beykoz,pasabahce,41.1158743,29.0954233,tight,administrative,"Paşabahçe Mahallesi, Beykoz, İstanbul, Marmara Bölgesi, Türkiye",0
kagithane,sirintepe,41.0796544,28.9731198,fallback,station,"Kağıthane, Cendere Caddesi, Çağlayan Mahallesi, Merkez Mahallesi, Kâğıthane, İstanbul, Marmara Bölgesi, 34406, Türkiye",0
bagcilar,demirkapi,41.0497862,28.8367479,tight,administrative,"Demirkapı Mahallesi, Bağcılar, İstanbul, Marmara Bölgesi, Türkiye",0
pendik,camcesme,40.872231,29.2705129,tight,administrative,"Çamçeşme Mahallesi, Pendik, İstanbul, Marmara Bölgesi, Türkiye",0
gaziosmanpasa,kazimkarabekir,41.080295,28.9107197,tight,administrative,"Kazım Karabekir Mahallesi, Gaziosmanpaşa, İstanbul, Marmara Bölgesi, 34255, Türkiye",0
sisli,gulbahar,41.072051,29.0000664,tight,administrative,"Gülbahar Mahallesi, Zincirlikuyu, Şişli, İstanbul, Marmara Bölgesi, Türkiye",0
eyupsultan,alibeykoy,41.077272,28.946901,tight,administrative,"Alibeyköy Mahallesi, Eyüpsultan, İstanbul, Marmara Bölgesi, Türkiye",0
buyukcekmece,merkez,41.0160925,28.5604373,tight,administrative,"Mimarsinan Mahallesi, Büyükçekmece, İstanbul, Marmara Bölgesi, Türkiye",0
besiktas,abbasaga,41.0495742,29.0051707,tight,administrative,"Abbasağa Mahallesi, Beşiktaş, İstanbul, Marmara Bölgesi, Türkiye",0
buyukcekmece,tepecik,41.021654,28.579757,fallback,administrative,"Büyükçekmece, İstanbul, Marmara Bölgesi, Türkiye",0
sultanbeyli,turgutreis,40.9666377,29.2804313,tight,pharmacy,"Turgutreis eczane, İbrahim Hakkı Sokağı, Turgut Reis Mahallesi, Sultanbeyli, İstanbul, Marmara Bölgesi, 34930, Türkiye",0
esenyurt,kirac,41.0381215,28.6474985,medium,quarter,"Kıraç, İstiklal Mahallesi, Esenyurt, İstanbul, Marmara Bölgesi, 34522, Türkiye",0
sultangazi,sultanciftligi,41.1003942,28.8609026,tight,administrative,"Sultançiftliği Mahallesi, Sultangazi, İstanbul, Marmara Bölgesi, Türkiye",0
gungoren,tozkoparan,41.014823,28.8966072,tight,administrative,"Tozkoparan Mahallesi, Güngören, İstanbul, Marmara Bölgesi, Türkiye",0
maltepe,gulsuyu,40.9277685,29.1577237,tight,administrative,"Gülsuyu Mahallesi, Maltepe, İstanbul, Marmara Bölgesi, Türkiye",0
eyupsultan,yesilpinar,41.0785373,28.9195063,tight,administrative,"Yeşilpınar Mahallesi, Eyüpsultan, İstanbul, Marmara Bölgesi, Türkiye",0
beyoglu,tarlabasi,41.0379952,28.9823998,tight,hotel,"Long Stay Istanbul, Turan Caddesi, Tarlabaşı, Bülbül, Şehit Muhtar Mahallesi, Beyoğlu, İstanbul, Marmara Bölgesi, 34435, Türkiye",0
kucukcekmece,sefakoy,41.0064655,28.8088663,tight,residential,"Fortis İstanbul, Sefaköy, Kartaltepe Mahallesi, Küçükçekmece, İstanbul, Marmara Bölgesi, Türkiye",0
esenler,merkez,41.0213762,28.8887076,tight,university,"YTÜ Merkez Laboratuvarı, YTU Davutpasa Yerleşkesi, Davutpaşa, Çifte Havuzlar Mahallesi, Esenler, İstanbul, Marmara Bölgesi, 34220, Türkiye",0
esenler,birlik,41.0516003,28.8715638,tight,administrative,"Birlik Mahallesi, Esenler, İstanbul, Marmara Bölgesi, Türkiye",0
eyupsultan,merkez,41.0474069,28.9356137,tight,administrative,"Merkez Mahallesi, Eyüpsultan, İstanbul, Marmara Bölgesi, Türkiye",0
besiktas,gayrettepe,41.0622256,29.0061911,tight,administrative,"Gayrettepe Mahallesi, Beşiktaş, İstanbul, Marmara Bölgesi, Türkiye",0
kagithane,caglayan,41.0796544,28.9731198,fallback,station,"Kağıthane, Cendere Caddesi, Çağlayan Mahallesi, Merkez Mahallesi, Kâğıthane, İstanbul, Marmara Bölgesi, 34406, Türkiye",0
uskudar,beylerbeyi,41.0417926,29.0465456,tight,administrative,"Beylerbeyi Mahallesi, Üsküdar, İstanbul, Marmara Bölgesi, Türkiye",0
catalca,izzettin,41.1431,28.4631,manual_district_center,manual,catalca ilce merkezi (manuel),1
catalca,ferhatpasa,41.1431,28.4631,manual_district_center,manual,catalca ilce merkezi (manuel),1
catalca,kaleici,41.1431,28.4631,manual_district_center,manual,catalca ilce merkezi (manuel),1
besiktas,levazim,41.0627271,29.0196144,tight,administrative,"Levazım Mahallesi, Beşiktaş, İstanbul, Marmara Bölgesi, Türkiye",0
besiktas,arnavutkoy,41.0672342,29.0432537,tight,administrative,"Arnavutköy Mahallesi, Beşiktaş, İstanbul, Marmara Bölgesi, Türkiye",0
kadikoy,fikirtepe,40.9932183,29.0516214,tight,administrative,"Fikirtepe Mahallesi, Kadıköy, İstanbul, Marmara Bölgesi, Türkiye",0
eyupsultan,gokturk,41.1787211,28.8909689,tight,administrative,"Göktürk Merkez Mahallesi, Eyüpsultan, İstanbul, Marmara Bölgesi, 34077, Türkiye",0
sariyer,tarabya,41.1385739,29.0530421,tight,administrative,"Tarabya Mahallesi, Sarıyer, İstanbul, Marmara Bölgesi, Türkiye",0
uskudar,unalan,41.0019106,29.0649352,tight,administrative,"Ünalan Mahallesi, Üsküdar, İstanbul, Marmara Bölgesi, 34700, Türkiye",0
uskudar,cengelkoy,41.0509178,29.0538023,tight,administrative,"Çengelköy Mahallesi, Üsküdar, İstanbul, Marmara Bölgesi, Türkiye",0
sancaktepe,samandira,40.9757233,29.2478267,tight,vehicle_inspection,"TÜVTÜRK, Battalgazi Caddesi, Osmangazi Mahallesi, Sancaktepe, İstanbul, Marmara Bölgesi, 34887, Türkiye",0
kagithane,hamidiye,41.0796544,28.9731198,fallback,station,"Kağıthane, Cendere Caddesi, Çağlayan Mahallesi, Merkez Mahallesi, Kâğıthane, İstanbul, Marmara Bölgesi, 34406, Türkiye",0
uskudar,bahcelievler,41.0533837,29.0797099,tight,administrative,"Bahçelievler Mahallesi, Üsküdar, İstanbul, Marmara Bölgesi, 34688, Türkiye",0
maltepe,idealtepe,40.939145,29.1183663,tight,administrative,"İdealtepe Mahallesi, Maltepe, İstanbul, Marmara Bölgesi, Türkiye",0
kadikoy,suadiye,40.9594019,29.082813,tight,administrative,"Suadiye Mahallesi, Kadıköy, İstanbul, Marmara Bölgesi, 34740, Türkiye",0
atasehir,kucukbakkalkoy,40.9803353,29.1130781,tight,administrative,"Küçükbakkalköy Mahallesi, Ataşehir, İstanbul, Marmara Bölgesi, 34750, Türkiye",0
kadikoy,caferaga,40.9850403,29.0248102,tight,administrative,"Caferağa Mahallesi, Kadıköy, İstanbul, Marmara Bölgesi, 34710, Türkiye",0
zeytinburnu,maltepe,41.0277775,28.9096922,tight,administrative,"Maltepe Mahallesi, Zeytinburnu, İstanbul, Marmara Bölgesi, 34010, Türkiye",0
kadikoy,goztepe,40.9787185,29.0666827,tight,administrative,"Göztepe Mahallesi, Kadıköy, İstanbul, Marmara Bölgesi, 34730, Türkiye",0
umraniye,esensehir,41.0088277,29.1672835,tight,administrative,"Esenşehir Mahallesi, Ümraniye, İstanbul, Marmara Bölgesi, Türkiye",0
uskudar,altunizade,41.0183509,29.0442444,tight,administrative,"Altunizade Mahallesi, Üsküdar, İstanbul, Marmara Bölgesi, Türkiye",0
kartal,rahmanlar,40.88858,29.1856536,fallback,administrative,"Kartal, İstanbul, Marmara Bölgesi, Türkiye",0
zeytinburnu,merkezefendi,41.014371,28.9189855,tight,administrative,"Merkezefendi Mahallesi, Zeytinburnu, İstanbul, Marmara Bölgesi, 34015, Türkiye",0
kadikoy,19 mayis,40.977008,29.0894372,tight,administrative,"19 Mayıs Mahallesi, Kadıköy, İstanbul, Marmara Bölgesi, 34736, Türkiye",0
sisli,fulya,41.0583894,28.9979356,tight,administrative,"Fulya Mahallesi, Nişantaşı, Şişli, İstanbul, Marmara Bölgesi, Türkiye",0
sancaktepe,sarigazi,41.0069576,29.2112136,tight,administrative,"Sarıgazi Mahallesi, Sancaktepe, İstanbul, Marmara Bölgesi, 34785, Türkiye",0
sariyer,merkez,41.1695338,29.0555158,tight,administrative,"Merkez Mahallesi, Sarıyer, İstanbul, Marmara Bölgesi, Türkiye",0
maltepe,zumrutevler,40.9363954,29.147589,tight,administrative,"Zümrütevler Mahallesi, Maltepe, İstanbul, Marmara Bölgesi, 34852, Türkiye",0
kadikoy,bostanci,40.9581685,29.0968046,tight,administrative,"Bostancı Mahallesi, Kadıköy, İstanbul, Marmara Bölgesi, 34744, Türkiye",0
kadikoy,feneryolu,40.9820722,29.0499435,tight,administrative,"Feneryolu Mahallesi, Kadıköy, İstanbul, Marmara Bölgesi, 34724, Türkiye",0
kadikoy,fenerbahce,40.9695548,29.0375465,tight,administrative,"Fenerbahçe Mahallesi, Kadıköy, İstanbul, Marmara Bölgesi, 34726, Türkiye",0
kadikoy,merdivenkoy,40.9877529,29.0676991,tight,administrative,"Merdivenköy Mahallesi, Kadıköy, İstanbul, Marmara Bölgesi, 34732, Türkiye",0
basaksehir,bahcesehir,41.0638399,28.6911793,tight,administrative,"Bahçeşehir 1. Kısım Mahallesi, Başakşehir, İstanbul, Marmara Bölgesi, Türkiye",0
sisli,19 mayis,41.0598652,28.9914441,tight,administrative,"19 Mayıs Mahallesi, Osmanbey, Şişli, İstanbul, Marmara Bölgesi, 34363, Türkiye",0
pendik,yenisehir,40.9312919,29.3043382,tight,administrative,"Yenişehir Mahallesi, Pendik, İstanbul, Marmara Bölgesi, 34912, Türkiye",0
beylikduzu,kavakli,40.9819486,28.6403256,tight,administrative,"Kavaklı Mahallesi, Beylikdüzü, İstanbul, Marmara Bölgesi, 34520, Türkiye",0
sariyer,koyler,41.1685803,29.0572623,fallback,administrative,"Sarıyer, İstanbul, Marmara Bölgesi, Türkiye",0
fatih,merkez,41.090385,29.125244,tight,bus_stop,"Fatih Mahallesi Merkez, Cumhuriyet Caddesi, Fatih Mahallesi, Beykoz, İstanbul, Marmara Bölgesi, 34830, Türkiye",0
zeytinburnu,cirpici,41.0002245,28.8962437,tight,administrative,"Çırpıcı Mahallesi, Zeytinburnu, İstanbul, Marmara Bölgesi, Türkiye",0
maltepe,esenkent,40.9286404,29.16732,tight,administrative,"Esenkent Mahallesi, Maltepe, İstanbul, Marmara Bölgesi, 34858, Türkiye",0
bagcilar,gunesli,41.0330866,28.8305182,tight,administrative,"Güneşli Mahallesi, Bağcılar, İstanbul, Marmara Bölgesi, 34212, Türkiye",0
kadikoy,erenkoy,40.9721783,29.0758899,tight,administrative,"Erenköy Mahallesi, Kadıköy, İstanbul, Marmara Bölgesi, 34738, Türkiye",0
kadikoy,kozyatagi,40.9685129,29.0924226,tight,administrative,"Kozyatağı Mahallesi, Kadıköy, İstanbul, Marmara Bölgesi, 34742, Türkiye",0
basaksehir,koyler,41.1075794,28.7950711,fallback,administrative,"Başakşehir, İstanbul, Marmara Bölgesi, Türkiye",0
kadikoy,rasimpasa,40.9970269,29.0265413,tight,administrative,"Rasimpaşa Mahallesi, Kadıköy, İstanbul, Marmara Bölgesi, 34716, Türkiye",0
sultanbeyli,mimarsinan,40.9670242,29.2671314,fallback,administrative,"Sultanbeyli, İstanbul, Marmara Bölgesi, Türkiye",0
umraniye,serifali,41.0004717,29.1458001,tight,administrative,"Şerifali Mahallesi, Ümraniye, İstanbul, Marmara Bölgesi, Türkiye",0
sariyer,rumelihisari,41.088594,29.0551627,tight,administrative,"Rumelihisarı Mahallesi, Sarıyer, İstanbul, Marmara Bölgesi, Türkiye",0
gungoren,haznedar,41.0104658,28.8707783,tight,administrative,"Haznedar Mahallesi, Güngören, İstanbul, Marmara Bölgesi, Türkiye",0
tuzla,postane,40.8212998,29.2923005,tight,administrative,"Postane Mahallesi, Tuzla, İstanbul, Marmara Bölgesi, 34940, Türkiye",0
cekmekoy,tasdelen,41.031185,29.2311306,tight,administrative,"Taşdelen Mahallesi, Çekmeköy, İstanbul, Marmara Bölgesi, Türkiye",0
bakirkoy,atakoy,40.9863878,28.8464657,tight,administrative,"Ataköy 7-8-9-10. Kısım Mahallesi, Bakırköy, İstanbul, Marmara Bölgesi, Türkiye",0
sisli,tesvikiye,41.0519368,28.9966371,tight,administrative,"Teşvikiye Mahallesi, Nişantaşı, Şişli, İstanbul, Marmara Bölgesi, 34365, Türkiye",0
sisli,cumhuriyet,41.0556861,28.9818925,tight,administrative,"Cumhuriyet Mahallesi, Bomonti, Şişli, İstanbul, Marmara Bölgesi, 34380, Türkiye",0
uskudar,bulgurlu,41.0183309,29.0793243,tight,administrative,"Bulgurlu Mahallesi, Üsküdar, İstanbul, Marmara Bölgesi, Türkiye",0
atasehir,ornek,40.9956672,29.0784307,tight,administrative,"Örnek Mahallesi, Ataşehir, İstanbul, Marmara Bölgesi, 34704, Türkiye",0
kagithane,seyrantepe,41.0796544,28.9731198,fallback,station,"Kağıthane, Cendere Caddesi, Çağlayan Mahallesi, Merkez Mahallesi, Kâğıthane, İstanbul, Marmara Bölgesi, 34406, Türkiye",0
sisli,bozkurt,41.0498994,28.984135,tight,administrative,"Bozkurt Mahallesi, Pangaltı, Şişli, İstanbul, Marmara Bölgesi, 34373, Türkiye",0
kartal,esentepe,40.9069182,29.1868775,tight,administrative,"Esentepe Mahallesi, Kartal, İstanbul, Marmara Bölgesi, Türkiye",0
maltepe,feyzullah,40.9248017,29.1291275,tight,administrative,"Feyzullah Mahallesi, Maltepe, İstanbul, Marmara Bölgesi, Türkiye",0
bahcelievler,yenibosna,41.0134935,28.8251315,medium,administrative,"Yenibosna Merkez Mahallesi, Bahçelievler, İstanbul, Marmara Bölgesi, 34197, Türkiye",0
atasehir,merkez,40.9929379,29.1135187,fallback,administrative,"Ataşehir, İstanbul, Marmara Bölgesi, Türkiye",0
maltepe,yali,40.9201889,29.1277394,tight,administrative,"Yalı Mahallesi, Maltepe, İstanbul, Marmara Bölgesi, Türkiye",0
atasehir,barbaros,40.9902522,29.1035997,tight,administrative,"Barbaros Mahallesi, Ataşehir, İstanbul, Marmara Bölgesi, 34746, Türkiye",0
bayrampasa,muratpasa,41.0473011,28.9062926,tight,administrative,"Muratpaşa Mahallesi, Bayrampaşa, İstanbul, Marmara Bölgesi, 34040, Türkiye",0
tuzla,icmeler,40.8492047,29.3050492,tight,administrative,"İçmeler Mahallesi, Tuzla, İstanbul, Marmara Bölgesi, Türkiye",0
uskudar,acibadem,41.0062328,29.0528941,tight,administrative,"Acıbadem Mahallesi, Üsküdar, İstanbul, Marmara Bölgesi, 34660, Türkiye",0
fatih,aksaray,41.0083123,28.9502838,tight,administrative,"Aksaray Mahallesi, İstanbul, Fatih, İstanbul, Marmara Bölgesi, 34096, Türkiye",0
basaksehir,merkez,41.1207023,28.7664456,tight,subway,"M3 Kayaşehir Merkez - Bakırköy Sahil Metro Hattı, Kayaşehir Bulvarı, Kayabaşı Mahallesi, Başakşehir, İstanbul, Marmara Bölgesi, 34494, Türkiye",0
kadikoy,sahrayicedit,40.9831733,29.0831882,tight,administrative,"Sahrayıcedit Mahallesi, Kadıköy, İstanbul, Marmara Bölgesi, 34734, Türkiye",0
kartal,topselvi,40.8997406,29.2113664,tight,assembly_point,"Afet ve Acil Durum Toplanma Alanı İstanbul Kartal, Dipçik Sokağı, Yunus Mahallesi, Topselvi Mahalesi, Kartal, İstanbul, Marmara Bölgesi, 34873, Türkiye",0
eyupsultan,kemerburgaz,41.0933779,28.9528281,tight,proposed,"Büyük İstanbul Tüneli, Kemerburgaz Kavşağı, 5. Levent Mahallesi, Eyüpsultan, İstanbul, Marmara Bölgesi, 34060, Türkiye",0
cekmekoy,merkez,41.0369088,29.1771094,tight,administrative,"Merkez Mahallesi, Çekmeköy, İstanbul, Marmara Bölgesi, 34782, Türkiye",0
besiktas,akatlar,41.0812105,29.0261142,tight,townhall,"Akatlar Mahallesi Muhtarlığı, 3, Haydar Aliyev Caddesi, Karanfilköy, Akat Mahallesi, Beşiktaş, İstanbul, Marmara Bölgesi, 34335, Türkiye",0
bahcelievler,zafer,41.0007517,28.8375769,tight,administrative,"Zafer Mahallesi, Bahçelievler, İstanbul, Marmara Bölgesi, Türkiye",0
sisli,merkez,41.0634057,28.9845271,tight,administrative,"Merkez Mahallesi, Osmanbey, Şişli, İstanbul, Marmara Bölgesi, Türkiye",0
besiktas,turkali,41.047674,29.0023049,tight,administrative,"Türkali Mahallesi, Beşiktaş, İstanbul, Marmara Bölgesi, Türkiye",0
bahcelievler,merkez,41.0134935,28.8251315,tight,administrative,"Yenibosna Merkez Mahallesi, Bahçelievler, İstanbul, Marmara Bölgesi, 34197, Türkiye",0
sisli,mesrutiyet,41.0548748,28.9912241,tight,administrative,"Meşrutiyet Mahallesi, Nişantaşı, Şişli, İstanbul, Marmara Bölgesi, 34363, Türkiye",0
beykoz,anadoluhisari,41.0840924,29.0683684,tight,administrative,"Anadolu Hisarı Mahallesi, Beykoz, İstanbul, Marmara Bölgesi, Türkiye",0
pendik,carsi,40.9153788,29.2982399,tight,construction,"Üstün Çarşı, Kurtköy Mahallesi, Pendik, İstanbul, Marmara Bölgesi, Türkiye",0
bayrampasa,altintepsi,41.0388737,28.9015865,tight,administrative,"Altıntepsi Mahallesi, Bayrampaşa, İstanbul, Marmara Bölgesi, 34035, Türkiye",0
beylikduzu,yakuplu,40.990113,28.6700436,tight,administrative,"Yakuplu Mahallesi, Beylikdüzü, İstanbul, Marmara Bölgesi, 34524, Türkiye",0
atasehir,icerenkoy,40.9701086,29.1110569,tight,administrative,"İçerenköy Mahallesi, Ataşehir, İstanbul, Marmara Bölgesi, 34752, Türkiye",0
fatih,sehremini,41.0138832,28.9327162,tight,administrative,"Şehremini Mahallesi, İstanbul, Fatih, İstanbul, Marmara Bölgesi, 34104, Türkiye",0
umraniye,esenevler,41.0121877,29.0922465,tight,administrative,"Esenevler Mahallesi, Ümraniye, İstanbul, Marmara Bölgesi, Türkiye",0
kadikoy,acibadem,41.0037683,29.0437162,tight,administrative,"Acıbadem Mahallesi, Kadıköy, İstanbul, Marmara Bölgesi, 34718, Türkiye",0
beylikduzu,gurpinar,40.9898645,28.6110486,tight,administrative,"Gürpınar Mahallesi, Beylikdüzü, İstanbul, Marmara Bölgesi, 34528, Türkiye",0
uskudar,kandilli,41.0726098,29.0576991,tight,administrative,"Kandilli Mahallesi, Üsküdar, İstanbul, Marmara Bölgesi, 34684, Türkiye",0
sisli,esentepe,41.0707741,29.0108118,tight,administrative,"Esentepe Mahallesi, Şişli, İstanbul, Marmara Bölgesi, 34394, Türkiye",0
bakirkoy,florya,40.9826126,28.7942206,tight,hotel,"BayMari Suites Florya Istanbul, Florya Caddesi, Florya, Şenlikköy Mahallesi, Bakırköy, İstanbul, Marmara Bölgesi, 34153, Türkiye",0
cekmekoy,alemdag,41.0496927,29.237004,tight,administrative,"Alemdağ Mahallesi, Çekmeköy, İstanbul, Marmara Bölgesi, Türkiye",0
kadikoy,osmanaga,40.9892604,29.0303888,tight,administrative,"Osmanağa Mahallesi, Kadıköy, İstanbul, Marmara Bölgesi, 34714, Türkiye",0
maltepe,altintepe,40.951875,29.1016652,tight,administrative,"Altıntepe Mahallesi, Maltepe, İstanbul, Marmara Bölgesi, 34840, Türkiye",0
maltepe,cinar,40.9441446,29.1127963,tight,administrative,"Çınar Mahallesi, Maltepe, İstanbul, Marmara Bölgesi, Türkiye",0
maltepe,basibuyuk,40.9585576,29.1485408,tight,administrative,"Başıbüyük Mahallesi, Maltepe, İstanbul, Marmara Bölgesi, 34854, Türkiye",0
maltepe,altaycesme,40.9278843,29.131346,tight,administrative,"Altayçeşme Mahallesi, Maltepe, İstanbul, Marmara Bölgesi, 34843, Türkiye",0
maltepe,baglarbasi,40.9255731,29.1399822,tight,administrative,"Bağlarbaşı Mahallesi, Maltepe, İstanbul, Marmara Bölgesi, 34844, Türkiye",0
pendik,fatih,40.8676856,29.2977107,tight,administrative,"Fatih Mahallesi, Pendik, İstanbul, Marmara Bölgesi, Türkiye",0
besiktas,kaynarca,41.0428465,29.0075283,fallback,administrative,"Beşiktaş, İstanbul, Marmara Bölgesi, Türkiye",0
pendik,fevzi cakmak,40.8780711,29.263908,tight,administrative,"Fevzi Çakmak Mahallesi, Pendik, İstanbul, Marmara Bölgesi, Türkiye",0
pendik,guzelyali,40.8605709,29.2821813,tight,administrative,"Güzelyalı Mahallesi, Pendik, İstanbul, Marmara Bölgesi, Türkiye",0
pendik,gullu baglar,40.896909,29.2743647,tight,administrative,"Güllü Bağlar Mahallesi, Pendik, İstanbul, Marmara Bölgesi, Türkiye",0
pendik,ahmet yesevi,40.8683853,29.3087934,tight,administrative,"Ahmet Yesevi Mahallesi, Pendik, İstanbul, Marmara Bölgesi, Türkiye",0
beyoglu,harmandere,41.0284233,28.9736808,fallback,administrative,"Beyoğlu, İstanbul, Marmara Bölgesi, Türkiye",0
pendik,orhangazi,40.8660896,29.2894246,tight,administrative,"Orhangazi Mahallesi, Pendik, İstanbul, Marmara Bölgesi, 34903, Türkiye",0
beyoglu,kurtkoy,41.0284233,28.9736808,fallback,administrative,"Beyoğlu, İstanbul, Marmara Bölgesi, Türkiye",0
pendik,velibaba,40.9044885,29.2543843,tight,administrative,"Velibaba Mahallesi, Pendik, İstanbul, Marmara Bölgesi, 34896, Türkiye",0
pendik,kavakpinar,40.8811385,29.2868227,tight,administrative,"Kavakpınar Mahallesi, Pendik, İstanbul, Marmara Bölgesi, Türkiye",0
pendik,cinardere,40.894557,29.2395687,tight,administrative,"Çınardere Mahallesi, Pendik, İstanbul, Marmara Bölgesi, Türkiye",0
pendik,suluntepe,40.9130716,29.2779541,tight,administrative,"Sülüntepe Mahallesi, Pendik, İstanbul, Marmara Bölgesi, 34909, Türkiye",0
pendik,esenler,40.8851987,29.2726983,tight,administrative,"Esenler Mahallesi, Pendik, İstanbul, Marmara Bölgesi, 34899, Türkiye",0
bahcelievler,bahcelievler,41.0042246,28.8714141,tight,administrative,"Bahçelievler Mahallesi, Bahçelievler, İstanbul, Marmara Bölgesi, 34180, Türkiye",0
pendik,dumlupinar,40.8920988,29.2483221,tight,administrative,"Dumlupınar Mahallesi, Pendik, İstanbul, Marmara Bölgesi, Türkiye",0
pendik,ertugrul gazi,40.9191039,29.263751,tight,administrative,"Ertuğrul Gazi Mahallesi, Pendik, İstanbul, Marmara Bölgesi, Türkiye",0
beyoglu,camlik,41.0564835,28.9525334,tight,residential,"Çamlık Altı Sokağı, Örnektepe, Örnektepe Mahallesi, Beyoğlu, İstanbul, Marmara Bölgesi, 34445, Türkiye",0
pendik,seyhli,40.9069317,29.2844986,tight,administrative,"Şeyhli Mahallesi, Pendik, İstanbul, Marmara Bölgesi, Türkiye",0
pendik,orta,40.8903637,29.2419118,tight,administrative,"Orta Mahallesi, Pendik, İstanbul, Marmara Bölgesi, Türkiye",0
pendik,ramazanoglu,40.89662,29.2865221,tight,administrative,"Ramazanoğlu Mahallesi, Pendik, İstanbul, Marmara Bölgesi, Türkiye",0
pendik,yayalar,40.9027998,29.267275,tight,administrative,"Yayalar Mahallesi, Pendik, İstanbul, Marmara Bölgesi, Türkiye",0
besiktas,bati,41.0428465,29.0075283,fallback,administrative,"Beşiktaş, İstanbul, Marmara Bölgesi, Türkiye",0
bahcelievler,sapan baglari,41.0030495,28.8657701,fallback,administrative,"Bahçelievler, İstanbul, Marmara Bölgesi, Türkiye",0
pendik,sanayi,40.9055698,29.2991635,tight,administrative,"Sanayi Mahallesi, Pendik, İstanbul, Marmara Bölgesi, 34906, Türkiye",0
bahcelievler,yeni,41.0134935,28.8251315,tight,administrative,"Yenibosna Merkez Mahallesi, Bahçelievler, İstanbul, Marmara Bölgesi, 34197, Türkiye",0
besiktas,dogu,41.0428465,29.0075283,fallback,administrative,"Beşiktaş, İstanbul, Marmara Bölgesi, Türkiye",0
bahcelievler,yesilbaglar,41.0030495,28.8657701,fallback,administrative,"Bahçelievler, İstanbul, Marmara Bölgesi, Türkiye",0
sancaktepe,mevlana,41.0127344,29.2592977,tight,administrative,"Mevlana Mahallesi, Sancaktepe, İstanbul, Marmara Bölgesi, Türkiye",0
sancaktepe,merve,41.006145,29.2405436,tight,administrative,"Merve Mahallesi, Sancaktepe, İstanbul, Marmara Bölgesi, Türkiye",0
sancaktepe,osmangazi,40.9865128,29.2359802,tight,administrative,"Osmangazi Mahallesi, Sancaktepe, İstanbul, Marmara Bölgesi, Türkiye",0
sancaktepe,veysel karani,40.9633154,29.2422828,tight,administrative,"Veysel Karani Mahallesi, Sancaktepe, İstanbul, Marmara Bölgesi, Türkiye",0
sancaktepe,ataturk,41.0106272,29.2232789,tight,administrative,"Atatürk Mahallesi, Sancaktepe, İstanbul, Marmara Bölgesi, Türkiye",0
sancaktepe,fatih,40.9576787,29.2143124,tight,administrative,"Fatih Mahallesi, Sancaktepe, İstanbul, Marmara Bölgesi, 34885, Türkiye",0
sancaktepe,safa,41.0086084,29.2456768,tight,administrative,"Safa Mahallesi, Sancaktepe, İstanbul, Marmara Bölgesi, Türkiye",0
sancaktepe,akpinar,40.9670161,29.2303824,tight,administrative,"Akpınar Mahallesi, Sancaktepe, İstanbul, Marmara Bölgesi, Türkiye",0
sancaktepe,abdurrahmangazi,40.9923179,29.2333854,tight,administrative,"Abdurrahmangazi Mahallesi, Sancaktepe, İstanbul, Marmara Bölgesi, 34887, Türkiye",0
sancaktepe,yunus emre,41.0181749,29.249504,tight,administrative,"Yunus Emre Mahallesi, Sancaktepe, İstanbul, Marmara Bölgesi, Türkiye",0
sancaktepe,hilal,41.0223751,29.25177,tight,administrative,"Hilal Mahallesi, Sancaktepe, İstanbul, Marmara Bölgesi, Türkiye",0
sancaktepe,kemal turkler,41.0069937,29.2176514,tight,administrative,"Kemal Türkler Mahallesi, Sancaktepe, İstanbul, Marmara Bölgesi, Türkiye",0
sancaktepe,emek,41.0053334,29.1936719,tight,administrative,"Emek Mahallesi, Sancaktepe, İstanbul, Marmara Bölgesi, Türkiye",0
sancaktepe,inonu,41.0112928,29.2122553,tight,administrative,"İnönü Mahallesi, Sancaktepe, İstanbul, Marmara Bölgesi, Türkiye",0
sancaktepe,meclis,41.0104122,29.2048777,tight,administrative,"Meclis Mahallesi, Sancaktepe, İstanbul, Marmara Bölgesi, Türkiye",0
sancaktepe,eyup sultan,40.9841274,29.2257791,tight,administrative,"Eyüp Sultan Mahallesi, Sancaktepe, İstanbul, Marmara Bölgesi, Türkiye",0
sariyer,kocatas,41.1689299,29.0352598,tight,administrative,"Kocataş Mahallesi, Sarıyer, İstanbul, Marmara Bölgesi, Türkiye",0
sariyer,pinar,41.1135256,29.0320167,tight,administrative,"Pınar Mahallesi, Sarıyer, İstanbul, Marmara Bölgesi, Türkiye",0
sariyer,fatih sultan mehmet,41.0957471,29.0354378,tight,administrative,"Fatih Sultan Mehmet Mahallesi, Sarıyer, İstanbul, Marmara Bölgesi, 34470, Türkiye",0
sariyer,maden,41.1817996,29.0379835,tight,administrative,"Maden Mahallesi, Sarıyer, İstanbul, Marmara Bölgesi, Türkiye",0
sariyer,ferahevler,41.1296186,29.0442745,tight,administrative,"Ferahevler Mahallesi, Sarıyer, İstanbul, Marmara Bölgesi, 34457, Türkiye",0
sariyer,rumeli hisari,41.088594,29.0551627,tight,administrative,"Rumelihisarı Mahallesi, Sarıyer, İstanbul, Marmara Bölgesi, Türkiye",0
sariyer,poligon,41.117034,29.0413306,tight,administrative,"Poligon Mahallesi, Sarıyer, İstanbul, Marmara Bölgesi, 34460, Türkiye",0
sariyer,sariyer merkez,41.1695338,29.0555158,tight,administrative,"Merkez Mahallesi, Sarıyer, İstanbul, Marmara Bölgesi, Türkiye",0
sariyer,cumhuriyet,41.1478306,29.0347131,tight,administrative,"Cumhuriyet Mahallesi, Sarıyer, İstanbul, Marmara Bölgesi, Türkiye",0
sariyer,emirgan,41.103131,29.0536894,tight,administrative,"Emirgan Mahallesi, Sarıyer, İstanbul, Marmara Bölgesi, Türkiye",0
sariyer,kirecburnu,41.1459737,29.0465248,tight,administrative,"Kireçburnu Mahallesi, Sarıyer, İstanbul, Marmara Bölgesi, Türkiye",0
sariyer,resitpasa,41.1068809,29.0411147,tight,administrative,"Reşitpaşa Mahallesi, Sarıyer, İstanbul, Marmara Bölgesi, 34467, Türkiye",0
sariyer,bahcekoy yeni,41.1687361,28.9862127,tight,cemetery,"Yeni Bahçeköy Mezarlığı, Bahçeköy Kemer Mahallesi, Sarıyer, İstanbul, Marmara Bölgesi, Türkiye",0
sariyer,rumeli kavagi,41.182087,29.073744,tight,bus_stop,"Rumeli Kavağı, Köybaşı Caddesi, Rumelikavağı Mahallesi, Sarıyer, İstanbul, Marmara Bölgesi, 34450, Türkiye",0
sariyer,yenikoy,41.1231548,29.070613,tight,administrative,"Yeniköy Mahallesi, Sarıyer, İstanbul, Marmara Bölgesi, 34464, Türkiye",0
sariyer,baltalimani,41.0955584,29.0525824,tight,administrative,"Baltalimanı Mahallesi, Sarıyer, İstanbul, Marmara Bölgesi, 34470, Türkiye",0
sariyer,kazim karabekir pasa,41.1626163,29.0278664,tight,administrative,"Kazım Karabekir Paşa Mahallesi, Sarıyer, İstanbul, Marmara Bölgesi, 34453, Türkiye",0
sariyer,camlitepe,41.1301627,29.0269573,tight,administrative,"Çamlıtepe Mahallesi, Sarıyer, İstanbul, Marmara Bölgesi, Türkiye",0
sariyer,yeni,41.1897861,28.9861797,tight,dam,"İkinci Mahmut Bendi, Bahçeköy Merkez Mahallesi, Sarıyer, İstanbul, Marmara Bölgesi, 34473, Türkiye",0
sariyer,bahcekoy kemer,41.1689972,28.9896726,tight,administrative,"Bahçeköy Kemer Mahallesi, Sarıyer, İstanbul, Marmara Bölgesi, 34473, Türkiye",0
sariyer,cayirbasi,41.1587199,29.0326,tight,administrative,"Çayırbaşı Mahallesi, Sarıyer, İstanbul, Marmara Bölgesi, Türkiye",0
sariyer,bahcekoy merkez,41.1796845,28.9912882,tight,administrative,"Bahçeköy Merkez Mahallesi, Sarıyer, İstanbul, Marmara Bölgesi, Türkiye",0
sariyer,ptt evleri,41.1573969,29.0220693,tight,administrative,"PTT Evleri Mahallesi, Sarıyer, İstanbul, Marmara Bölgesi, Türkiye",0
sariyer,darussafaka,41.1265,29.0290332,tight,administrative,"Darüşşafaka Mahallesi, Sarıyer, İstanbul, Marmara Bölgesi, Türkiye",0
silivri,mimar sinan,41.0741,28.2466,manual_district_center,manual,silivri ilce merkezi (manuel),1
silivri,fatih,41.0741,28.2466,manual_district_center,manual,silivri ilce merkezi (manuel),1
silivri,alibey,41.0741,28.2466,manual_district_center,manual,silivri ilce merkezi (manuel),1
silivri,yeni,41.0741,28.2466,manual_district_center,manual,silivri ilce merkezi (manuel),1
silivri,piri mehmet pasa,41.0741,28.2466,manual_district_center,manual,silivri ilce merkezi (manuel),1
silivri,cumhuriyet,41.0741,28.2466,manual_district_center,manual,silivri ilce merkezi (manuel),1
besiktas,ortakoy,41.0546272,29.0281901,tight,administrative,"Ortaköy Mahallesi, Beşiktaş, İstanbul, Marmara Bölgesi, 34347, Türkiye",0
silivri,semizkumlar,41.0741,28.2466,manual_district_center,manual,silivri ilce merkezi (manuel),1
silivri,alipasa,41.0741,28.2466,manual_district_center,manual,silivri ilce merkezi (manuel),1
adalar,buyukada,40.8744993,29.1275232,tight,ferry_terminal,"Büyükada, Gülistan Caddesi, Maden Mahallesi, Adalar, İstanbul, Marmara Bölgesi, 34970, Türkiye",0
beyoglu,kemankes,41.0240811,28.9789862,tight,administrative,"Kemankeş Karamustafa Paşa Mahallesi, Beyoğlu, İstanbul, Marmara Bölgesi, Türkiye",0
beyoglu,arapcami,41.0284233,28.9736808,fallback,administrative,"Beyoğlu, İstanbul, Marmara Bölgesi, Türkiye",0
kucukcekmece,merkez,41.0356342,28.7925691,tight,administrative,"Halkalı Merkez Mahallesi, Küçükçekmece, İstanbul, Marmara Bölgesi, Türkiye",0
kadikoy,kosuyolu,41.0069381,29.0350244,tight,administrative,"Koşuyolu Mahallesi, Kadıköy, İstanbul, Marmara Bölgesi, Türkiye",0
bakirkoy,yesilkoy,40.9589829,28.8225574,tight,administrative,"Yeşilköy Mahallesi, Bakırköy, İstanbul, Marmara Bölgesi, 34149, Türkiye",0
sisli,harbiye,41.0452381,28.9910139,tight,administrative,"Harbiye Mahallesi, Şişli, İstanbul, Marmara Bölgesi, 34367, Türkiye",0
maltepe,aydinevler,40.9490261,29.1281559,tight,administrative,"Aydınevler Mahallesi, Maltepe, İstanbul, Marmara Bölgesi, Türkiye",0
zeytinburnu,bestelsiz,40.9994868,28.9045024,tight,administrative,"Beştelsiz Mahallesi, Zeytinburnu, İstanbul, Marmara Bölgesi, Türkiye",0
besiktas,etiler,41.0840093,29.0366077,tight,administrative,"Etiler Mahallesi, Beşiktaş, İstanbul, Marmara Bölgesi, 34337, Türkiye",0
kadikoy,caddebostan,40.9670186,29.0629255,tight,administrative,"Caddebostan Mahallesi, Kadıköy, İstanbul, Marmara Bölgesi, 34728, Türkiye",0
besiktas,bebek,41.0790159,29.0439589,tight,administrative,"Bebek Mahallesi, Beşiktaş, İstanbul, Marmara Bölgesi, 34342, Türkiye",0
besiktas,levent,41.0815723,29.0169502,tight,administrative,"Levent Mahallesi, Beşiktaş, İstanbul, Marmara Bölgesi, Türkiye",0
beyoglu,purtelas,41.0318896,28.9853699,tight,apartment,"Urban Suites Istanbul, 37, Güneşli Sokağı, Fındıklı, Cihangir Mahallesi, Pürtelaş Hasan Efendi Mahallesi, Beyoğlu, İstanbul, Marmara Bölgesi, 34433, Türkiye",0
kadikoy,egitim,40.9890334,29.0490887,tight,administrative,"Eğitim Mahallesi, Kadıköy, İstanbul, Marmara Bölgesi, 34722, Türkiye",0
eyupsultan,rami,41.0484918,28.9207553,medium,quarter,"Rami, Rami Cuma Mahallesi, Eyüpsultan, İstanbul, Marmara Bölgesi, 34055, Türkiye",0
bahcelievler,cobancesme,41.0043769,28.826637,tight,administrative,"Çobançeşme Mahallesi, Bahçelievler, İstanbul, Marmara Bölgesi, 34197, Türkiye",0
bagcilar,kirazli,41.0342808,28.8363908,tight,administrative,"Kirazlı Mahallesi, Bağcılar, İstanbul, Marmara Bölgesi, Türkiye",0
bagcilar,mahmutbey,41.0559744,28.8245305,tight,administrative,"Mahmutbey Mahallesi, Bağcılar, İstanbul, Marmara Bölgesi, 34218, Türkiye",0
umraniye,ataturk,41.0252686,29.0920104,tight,administrative,"Atatürk Mahallesi, Ümraniye, İstanbul, Marmara Bölgesi, Türkiye",0
tuzla,tersaneler,40.8475776,29.2938104,tight,bus_stop,"Tersaneler, Güzin Sk., Aydıntepe Mahallesi, Tuzla, İstanbul, Marmara Bölgesi, 34947, Türkiye",0
bakirkoy,zuhuratbaba,40.9824138,28.8711297,tight,administrative,"Zuhuratbaba Mahallesi, Bakırköy, İstanbul, Marmara Bölgesi, 34147, Türkiye",0
umraniye,aksemsettin,41.0121587,29.1024492,tight,park,"Akşemsettin Parkı, Atakent Mahallesi, Ümraniye, İstanbul, Marmara Bölgesi, Türkiye",0
kucukcekmece,fatih,40.9920419,28.76962,tight,administrative,"Fatih Mahallesi, Küçükçekmece, İstanbul, Marmara Bölgesi, Türkiye",0
esenler,ahmet yesevi,41.0376175,28.8824519,fallback,administrative,"Esenler, İstanbul, Marmara Bölgesi, Türkiye",0
kucukcekmece,abdurrahmangazi,40.9918737,28.7711956,fallback,administrative,"Küçükçekmece, İstanbul, Marmara Bölgesi, Türkiye",0
buyukcekmece,battalgazi,41.0001922,28.6084846,tight,residential,"Battalgazi Sokağı, Pınartepe Mahallesi, Büyükçekmece, İstanbul, Marmara Bölgesi, 34500, Türkiye",0
umraniye,necip fazil,41.0175067,29.1752803,tight,administrative,"Necip Fazıl Mahallesi, Ümraniye, İstanbul, Marmara Bölgesi, Türkiye",0
esenler,turgut reis,41.0614133,28.8642849,tight,administrative,"Turgut Reis Mahallesi, Esenler, İstanbul, Marmara Bölgesi, Türkiye",0
umraniye,yavuz selim,41.0008342,29.1398983,tight,park,"Yavuz Sultan Selim Parkı, Tatlısu Mahallesi, Ümraniye, İstanbul, Marmara Bölgesi, Türkiye",0
umraniye,hamidiye,41.0093533,29.1686676,tight,residential,"Hamidiye Sokağı, Esenşehir Mahallesi, Ümraniye, İstanbul, Marmara Bölgesi, 34776, Türkiye",0
buyukcekmece,adil,41.021654,28.579757,fallback,administrative,"Büyükçekmece, İstanbul, Marmara Bölgesi, Türkiye",0
buyukcekmece,mimar sinan,41.0160925,28.5604373,tight,administrative,"Mimarsinan Mahallesi, Büyükçekmece, İstanbul, Marmara Bölgesi, Türkiye",0
esenler,mecidiye,41.0376175,28.8824519,fallback,administrative,"Esenler, İstanbul, Marmara Bölgesi, Türkiye",0
kucukcekmece,hasanpasa,40.9918737,28.7711956,fallback,administrative,"Küçükçekmece, İstanbul, Marmara Bölgesi, Türkiye",0
kucukcekmece,mehmet akif,41.0531043,28.8058591,tight,administrative,"Mehmet Akif Mahallesi, Küçükçekmece, İstanbul, Marmara Bölgesi, Türkiye",0
umraniye,orhangazi,41.0272225,29.1536277,tight,tertiary,"Orhangazi Caddesi, Parseller Mahallesi, Ümraniye, İstanbul, Marmara Bölgesi, 34773, Türkiye",0
bakirkoy,zeytinlik,40.9789622,28.8724028,tight,administrative,"Zeytinlik Mahallesi, Bakırköy, İstanbul, Marmara Bölgesi, 34140, Türkiye",0
beyoglu,taksim,41.0379547,28.9852034,tight,pedestrian,"Taksim Meydanı, Taksim, Gümüşsuyu, Gümüşsuyu Mahallesi, Beyoğlu, İstanbul, Marmara Bölgesi, 34437, Türkiye",0
bakirkoy,cevizlik,40.9785708,28.8754801,tight,administrative,"Cevizlik Mahallesi, Bakırköy, İstanbul, Marmara Bölgesi, Türkiye",0
kartal,dragos,40.9073217,29.1437228,tight,quarter,"Dragos, Orhantepe Mahallesi, Kartal, İstanbul, Marmara Bölgesi, 34865, Türkiye",0
sultangazi,zubeyde hanim,41.1002781,28.907478,tight,administrative,"Zübeyde Hanım Mahallesi, Sultangazi, İstanbul, Marmara Bölgesi, 34260, Türkiye",0
sultangazi,50. yil,41.0898827,28.8701918,tight,administrative,"50. Yıl Mahallesi, Sultangazi, İstanbul, Marmara Bölgesi, 34265, Türkiye",0
sultangazi,75. yil,41.098314,28.9023051,tight,administrative,"75. Yıl Mahallesi, Sultangazi, İstanbul, Marmara Bölgesi, Türkiye",0
sultangazi,yunus emre,41.0974478,28.8915429,tight,administrative,"Yunus Emre Mahallesi, Sultangazi, İstanbul, Marmara Bölgesi, Türkiye",0
sultangazi,esentepe,41.099194,28.8788559,tight,administrative,"Esentepe Mahallesi, Sultangazi, İstanbul, Marmara Bölgesi, Türkiye",0
sultangazi,cebeci,41.1228719,28.8792387,tight,administrative,"Cebeci Mahallesi, Sultangazi, İstanbul, Marmara Bölgesi, 34270, Türkiye",0
sultangazi,gazi,41.1032888,28.8976417,tight,administrative,"Gazi Mahallesi, Sultangazi, İstanbul, Marmara Bölgesi, Türkiye",0
sultangazi,cumhuriyet,41.0874877,28.875977,tight,administrative,"Cumhuriyet Mahallesi, Sultangazi, İstanbul, Marmara Bölgesi, Türkiye",0
sultangazi,ugur mumcu,41.0968482,28.8651722,tight,administrative,"Uğur Mumcu Mahallesi, Sultangazi, İstanbul, Marmara Bölgesi, Türkiye",0
sultangazi,malkocoglu,41.1170126,28.8486379,tight,administrative,"Malkoçoğlu Mahallesi, Sultangazi, İstanbul, Marmara Bölgesi, Türkiye",0
sultangazi,ismetpasa,41.1115982,28.8558273,tight,administrative,"İsmetpaşa Mahallesi, Sultangazi, İstanbul, Marmara Bölgesi, Türkiye",0
sultangazi,habibler,41.1331314,28.8390266,tight,administrative,"Habibler Mahallesi, Sultangazi, İstanbul, Marmara Bölgesi, 34270, Türkiye",0
gaziosmanpasa,yildiztabya,41.0646555,28.931006,tight,administrative,"Yıldıztabya Mahallesi, Gaziosmanpaşa, İstanbul, Marmara Bölgesi, 34240, Türkiye",0
kadikoy,hasanpasa,40.9967079,29.0440914,tight,administrative,"Hasanpaşa Mahallesi, Kadıköy, İstanbul, Marmara Bölgesi, Türkiye",0
bagcilar,kemalpasa,41.0511389,28.8514469,tight,administrative,"Kemalpaşa Mahallesi, Bağcılar, İstanbul, Marmara Bölgesi, Türkiye",0
sile,balibey,41.1747,29.6128,manual_district_center,manual,sile ilce merkezi (manuel),1
sile,cavus,41.1747,29.6128,manual_district_center,manual,sile ilce merkezi (manuel),1
sile,kurfalli,41.1747,29.6128,manual_district_center,manual,sile ilce merkezi (manuel),1
sile,haci kasim,41.1747,29.6128,manual_district_center,manual,sile ilce merkezi (manuel),1
sile,kumbaba,41.1747,29.6128,manual_district_center,manual,sile ilce merkezi (manuel),1
sisli,kustepe,41.0719821,28.9909667,tight,administrative,"Kuştepe Mahallesi, Şişli, İstanbul, Marmara Bölgesi, 34381, Türkiye",0
sisli,mahmut sevket pasa,41.0525016,28.965487,tight,administrative,"Mahmut Şevket Paşa Mahallesi, Şişli, İstanbul, Marmara Bölgesi, Türkiye",0
sisli,yayla,41.0483978,28.9753965,tight,administrative,"Yayla Mahallesi, Şişli, İstanbul, Marmara Bölgesi, Türkiye",0
sisli,eskisehir,41.0452366,28.9808521,tight,administrative,"Eskişehir Mahallesi, Şişli, İstanbul, Marmara Bölgesi, Türkiye",0
sisli,izzet pasa,41.0560713,28.9831145,tight,hotel,"La Wisteria Boutique Hotel Istanbul, 56, İzzet Paşa Sokağı, Cumhuriyet Mahallesi, Bomonti, Şişli, İstanbul, Marmara Bölgesi, 34380, Türkiye",0
sisli,halide edip adivar,41.0616523,28.977054,tight,administrative,"Halide Edip Adıvar Mahallesi, Şişli, İstanbul, Marmara Bölgesi, 34384, Türkiye",0
sisli,duatepe,41.0534185,28.9807907,tight,administrative,"Duatepe Mahallesi, Bomonti, Şişli, İstanbul, Marmara Bölgesi, Türkiye",0
sisli,ergenekon,41.0489803,28.9864057,tight,administrative,"Ergenekon Mahallesi, Şişli, İstanbul, Marmara Bölgesi, Türkiye",0
sisli,pasa,41.0512485,28.9716559,tight,administrative,"Paşa Mahallesi, Şişli, İstanbul, Marmara Bölgesi, 34379, Türkiye",0
sisli,ferikoy,41.0490846,28.9794103,tight,administrative,"Feriköy Mahallesi, Şişli, İstanbul, Marmara Bölgesi, Türkiye",0
sisli,inonu,41.0438743,28.9844034,tight,administrative,"İnönü Mahallesi, Şişli, İstanbul, Marmara Bölgesi, 34373, Türkiye",0
sisli,halaskargazi,41.0514835,28.9888479,tight,administrative,"Halaskargazi Mahallesi, Nişantaşı, Şişli, İstanbul, Marmara Bölgesi, 34371, Türkiye",0
sisli,halil rifat pasa,41.0575346,28.9687052,tight,administrative,"Halil Rıfat Paşa Mahallesi, Şişli, İstanbul, Marmara Bölgesi, Türkiye",0
sisli,kaptan pasa,41.0637891,28.9831642,fallback,administrative,"Şişli, İstanbul, Marmara Bölgesi, Türkiye",0
buyukcekmece,sifa,41.021654,28.579757,fallback,administrative,"Büyükçekmece, İstanbul, Marmara Bölgesi, Türkiye",0
tuzla,evliya celebi,40.8425924,29.2984572,tight,administrative,"Evliya Çelebi Mahallesi, Tuzla, İstanbul, Marmara Bölgesi, 34944, Türkiye",0
tuzla,aydinli,40.8598379,29.3441163,tight,administrative,"Aydınlı Mahallesi, Tuzla, İstanbul, Marmara Bölgesi, 34953, Türkiye",0
tuzla,yayla,40.8320311,29.3061225,tight,administrative,"Yayla Mahallesi, Tuzla, İstanbul, Marmara Bölgesi, Türkiye",0
tuzla,aydintepe,40.8532761,29.2976839,tight,administrative,"Aydıntepe Mahallesi, Tuzla, İstanbul, Marmara Bölgesi, 34947, Türkiye",0
umraniye,armaganevler,41.0181477,29.1155959,tight,administrative,"Armağanevler Mahallesi, Ümraniye, İstanbul, Marmara Bölgesi, Türkiye",0
umraniye,cemil meric,41.0200554,29.1425904,tight,administrative,"Cemil Meriç Mahallesi, Ümraniye, İstanbul, Marmara Bölgesi, Türkiye",0
umraniye,esenkent,41.0052155,29.1830041,tight,administrative,"Esenkent Mahallesi, Ümraniye, İstanbul, Marmara Bölgesi, Türkiye",0
umraniye,mehmet akif,41.0074656,29.1379873,tight,administrative,"Mehmet Akif Mahallesi, Ümraniye, İstanbul, Marmara Bölgesi, Türkiye",0
umraniye,atakent,41.0207119,29.1087352,tight,administrative,"Atakent Mahallesi, Ümraniye, İstanbul, Marmara Bölgesi, Türkiye",0
umraniye,adem yavuz,41.0197375,29.1555922,tight,administrative,"Adem Yavuz Mahallesi, Ümraniye, İstanbul, Marmara Bölgesi, Türkiye",0
umraniye,huzur,41.0264688,29.1612731,tight,administrative,"Huzur Mahallesi, Ümraniye, İstanbul, Marmara Bölgesi, Türkiye",0
umraniye,tatlisu,41.0042368,29.1339637,tight,administrative,"Tatlısu Mahallesi, Ümraniye, İstanbul, Marmara Bölgesi, 34774, Türkiye",0
umraniye,istiklal,41.0235391,29.1017524,tight,administrative,"İstiklal Mahallesi, Ümraniye, İstanbul, Marmara Bölgesi, Türkiye",0
umraniye,site,41.0096545,29.1174872,tight,administrative,"Site Mahallesi, Ümraniye, İstanbul, Marmara Bölgesi, 34760, Türkiye",0
umraniye,ihlamurkuyu,41.0191243,29.1351889,tight,administrative,"Ihlamurkuyu Mahallesi, Ümraniye, İstanbul, Marmara Bölgesi, Türkiye",0
atasehir,ataturk,40.9908392,29.1265531,tight,administrative,"Atatürk Mahallesi, Ataşehir, İstanbul, Marmara Bölgesi, 34758, Türkiye",0
umraniye,asagi dudullu,41.019058,29.1634418,tight,administrative,"Aşağı Dudullu Mahallesi, Ümraniye, İstanbul, Marmara Bölgesi, 34773, Türkiye",0
umraniye,finanskent,41.0013656,29.1134748,tight,administrative,"Finanskent Mahallesi, Ümraniye, İstanbul, Marmara Bölgesi, Türkiye",0
umraniye,parseller,41.0256947,29.1569065,tight,administrative,"Parseller Mahallesi, Ümraniye, İstanbul, Marmara Bölgesi, Türkiye",0
umraniye,camlik,41.0032611,29.1243347,tight,administrative,"Çamlık Mahallesi, Ümraniye, İstanbul, Marmara Bölgesi, Türkiye",0
umraniye,madenler,41.012306,29.1870471,tight,administrative,"Madenler Mahallesi, Ümraniye, İstanbul, Marmara Bölgesi, Türkiye",0
atasehir,tantavi,40.9929379,29.1135187,fallback,administrative,"Ataşehir, İstanbul, Marmara Bölgesi, Türkiye",0
uskudar,yavuzturk,41.0412375,29.0849274,tight,administrative,"Yavuztürk Mahallesi, Üsküdar, İstanbul, Marmara Bölgesi, 34690, Türkiye",0
uskudar,burhaniye,41.0287204,29.0527669,tight,administrative,"Burhaniye Mahallesi, Üsküdar, İstanbul, Marmara Bölgesi, 34676, Türkiye",0
uskudar,mehmet akif ersoy,41.0413151,29.0717135,tight,administrative,"Mehmet Akif Ersoy Mahallesi, Üsküdar, İstanbul, Marmara Bölgesi, 34682, Türkiye",0
uskudar,ahmediye,41.0184904,29.0164388,tight,administrative,"Ahmediye Mahallesi, Üsküdar, İstanbul, Marmara Bölgesi, Türkiye",0
uskudar,guzeltepe,41.0498613,29.0699376,tight,administrative,"Güzeltepe Mahallesi, Üsküdar, İstanbul, Marmara Bölgesi, 34680, Türkiye",0
uskudar,cumhuriyet,41.0108797,29.0807595,tight,administrative,"Cumhuriyet Mahallesi, Üsküdar, İstanbul, Marmara Bölgesi, 34697, Türkiye",0
uskudar,valide-i atik,41.0184789,29.0270247,tight,administrative,"Valide-i Atik Mahallesi, Üsküdar, İstanbul, Marmara Bölgesi, Türkiye",0
uskudar,kisikli,41.0249113,29.0710848,tight,administrative,"Kısıklı Mahallesi, Üsküdar, İstanbul, Marmara Bölgesi, Türkiye",0
uskudar,murat reis,41.0265498,29.0151321,fallback,administrative,"Üsküdar, İstanbul, Marmara Bölgesi, Türkiye",0
uskudar,kupluce,41.0349394,29.0565056,tight,administrative,"Küplüce Mahallesi, Üsküdar, İstanbul, Marmara Bölgesi, Türkiye",0
uskudar,icadiye,41.0286073,29.0341185,tight,administrative,"İcadiye Mahallesi, Üsküdar, İstanbul, Marmara Bölgesi, 34674, Türkiye",0
uskudar,kirazlitepe,41.0391608,29.0615628,tight,administrative,"Kirazlıtepe Mahallesi, Üsküdar, İstanbul, Marmara Bölgesi, Türkiye",0
uskudar,kucuksu,41.065641,29.0709346,tight,administrative,"Küçüksu Mahallesi, Üsküdar, İstanbul, Marmara Bölgesi, Türkiye",0
uskudar,kuzguncuk,41.03216,29.0360265,tight,administrative,"Kuzguncuk Mahallesi, Üsküdar, İstanbul, Marmara Bölgesi, 34674, Türkiye",0
uskudar,selami ali,41.0255088,29.0290779,tight,administrative,"Selami Ali Mahallesi, Üsküdar, İstanbul, Marmara Bölgesi, Türkiye",0
uskudar,selimiye,41.0058418,29.0177481,tight,administrative,"Selimiye Mahallesi, Üsküdar, İstanbul, Marmara Bölgesi, 34668, Türkiye",0
uskudar,barbaros,41.0126978,29.031529,tight,administrative,"Barbaros Mahallesi, Üsküdar, İstanbul, Marmara Bölgesi, 34662, Türkiye",0
uskudar,kuleli,41.0592832,29.0589129,tight,administrative,"Kuleli Mahallesi, Üsküdar, İstanbul, Marmara Bölgesi, Türkiye",0
fatih,kucukmustafapasa,41.0261957,28.9559005,medium,quarter,"Küçükmustafapaşa, Yavuz Sultan Selim Mahallesi, İstanbul, Fatih, İstanbul, Marmara Bölgesi, 34083, Türkiye",0
fatih,fevzipasa,41.0253419,28.9404526,medium,primary,"Fevzipaşa Caddesi, Hırka-i Şerif Mahallesi, İstanbul, Fatih, İstanbul, Marmara Bölgesi, 34091, Türkiye",0
arnavutkoy,haracci,41.1763646,28.7024285,tight,administrative,"Haraççı Mahallesi, Arnavutköy, İstanbul, Marmara Bölgesi, 34281, Türkiye",0
fatih,akdeniz,41.0194183,28.9378839,tight,police,"İstanbul Emniyet Müdürlüğü, 58, Adnan Menderes Vatan Bulvarı, Akdeniz, Hırka-i Şerif Mahallesi, İstanbul, Fatih, İstanbul, Marmara Bölgesi, 34080, Türkiye",0
uskudar,dogancilar,41.018405,29.013263,tight,bus_stop,"Doğancılar, Tunus Bağı Caddesi, Ahmediye Mahallesi, Üsküdar, İstanbul, Marmara Bölgesi, 34672, Türkiye",0
kagithane,celiktepe,41.0796544,28.9731198,fallback,station,"Kağıthane, Cendere Caddesi, Çağlayan Mahallesi, Merkez Mahallesi, Kâğıthane, İstanbul, Marmara Bölgesi, 34406, Türkiye",0
pendik,dolayoba,40.9005183,29.2499467,tight,tertiary,"İstanbul Caddesi, Dolayoba, Çınardere Mahallesi, Pendik, İstanbul, Marmara Bölgesi, 34896, Türkiye",0
esenyurt,haramidere,41.0072275,28.6796273,tight,guest_house,"HEP İstanbul, Haramidere Kavşağı, Zafer Mahallesi, Esenyurt, İstanbul, Marmara Bölgesi, 34513, Türkiye",0
pendik,bahcelievler,40.8839106,29.2353786,tight,administrative,"Bahçelievler Mahallesi, Pendik, İstanbul, Marmara Bölgesi, Türkiye",0
bagcilar,barbaros,41.0245293,28.8387167,tight,administrative,"Barbaros Mahallesi, Bağcılar, İstanbul, Marmara Bölgesi, Türkiye",0
gaziosmanpasa,kucukkoy,41.0691014,28.9133998,tight,primary,"İstanbul Caddesi, Küçükköy, Fevzi Çakmak Mahallesi, Gaziosmanpaşa, İstanbul, Marmara Bölgesi, 34255, Türkiye",0
fatih,mevlanakapi,41.013311,28.9237485,tight,administrative,"Mevlanakapı Mahallesi, İstanbul, Fatih, İstanbul, Marmara Bölgesi, Türkiye",0
tuzla,mimarsinan,40.837001,29.3609669,tight,clinic,"Mimarsinan Şifa Semt Polikliniği, Hakan Sokağı, Mimar Sinan, Mimar Sinan Mahallesi, Tuzla, İstanbul, Marmara Bölgesi, 34950, Türkiye",0
arnavutkoy,hadimkoy,41.1585587,28.6212692,tight,administrative,"Hadımköy Mahallesi, Arnavutköy, İstanbul, Marmara Bölgesi, Türkiye",0
umraniye,asagidudullu,41.0256362,29.0963049,fallback,administrative,"Ümraniye, İstanbul, Marmara Bölgesi, Türkiye",0
esenler,karabayir,41.0437401,28.8689526,tight,quarter,"Karabayır, Fatih Mahallesi, Esenler, İstanbul, Marmara Bölgesi, 34225, Türkiye",0
silivri,canta,41.0741,28.2466,manual_district_center,manual,silivri ilce merkezi (manuel),1
beylikduzu,merkez,40.98708,28.607228,tight,bus_stop,"Merkez Mahallesi, İstikbal Caddesi, Gürpınar Mahallesi, Beylikdüzü, İstanbul, Marmara Bölgesi, 34528, Türkiye",0
silivri,degirmenkoy,41.0741,28.2466,manual_district_center,manual,silivri ilce merkezi (manuel),1
arnavutkoy,bogazkoy,41.1816651,28.7738364,tight,administrative,"Boğazköy İstiklal Mahallesi, Arnavutköy, İstanbul, Marmara Bölgesi, 34285, Türkiye",0
arnavutkoy,bolluca,41.1986596,28.7666478,tight,administrative,"Bolluca Mahallesi, Arnavutköy, İstanbul, Marmara Bölgesi, 34287, Türkiye",0
maltepe,merkez,40.9476714,29.1069544,tight,administrative,"Küçükyalı Merkez Mahallesi, Maltepe, İstanbul, Marmara Bölgesi, Türkiye",0
zeytinburnu,veliefendi,40.9959417,28.8978934,tight,administrative,"Veliefendi Mahallesi, Zeytinburnu, İstanbul, Marmara Bölgesi, Türkiye",0
zeytinburnu,seyitnizam,41.0064945,28.9089333,tight,administrative,"Seyitnizam Mahallesi, Zeytinburnu, İstanbul, Marmara Bölgesi, Türkiye",0
zeytinburnu,gokalp,40.9934935,28.9054676,tight,administrative,"Gökalp Mahallesi, Zeytinburnu, İstanbul, Marmara Bölgesi, 34020, Türkiye",0
zeytinburnu,yenidogan,40.9882534,28.9047039,tight,administrative,"Yenidoğan Mahallesi, Zeytinburnu, İstanbul, Marmara Bölgesi, Türkiye",0
zeytinburnu,sumer,40.9864053,28.8954719,tight,administrative,"Sümer Mahallesi, Zeytinburnu, İstanbul, Marmara Bölgesi, Türkiye",0
zeytinburnu,telsiz,40.9994553,28.9121132,tight,administrative,"Telsiz Mahallesi, Zeytinburnu, İstanbul, Marmara Bölgesi, Türkiye",0
zeytinburnu,yesiltepe,40.9912492,28.902307,tight,administrative,"Yeşiltepe Mahallesi, Zeytinburnu, İstanbul, Marmara Bölgesi, 34025, Türkiye",0
zeytinburnu,kazlicesme,40.9881118,28.9093458,tight,administrative,"Kazlıçeşme Mahallesi, Zeytinburnu, İstanbul, Marmara Bölgesi, Türkiye",0
zeytinburnu,nuripasa,40.9881236,28.9025258,tight,administrative,"Nuripaşa Mahallesi, Zeytinburnu, İstanbul, Marmara Bölgesi, Türkiye",0
